<?xml version="1.0" encoding="UTF-8"?>
<!--
To change this license header, choose License Headers in Project Properties.
To change this template file, choose Tools | Templates
and open the template in the editor.
-->

<!--

Authors : Zeinabou Bissi KONE - Sicong XU

-->

<plateau>
    <dimensions>
        <height>100</height>
        <width>40</width>
        <depth>50</depth>
    </dimensions>
    <mapping>
        <textureBottom>textures/floot/grass2.png</textureBottom>
        <textureEast>textures/sky/interstellar/east.png</textureEast>
        <textureWest>textures/skybox/interstellar/west.png</textureWest>
        <textureNorth>textures/skybox/internstellar/north.png</textureNorth>
    </mapping>
    <pion>
        une url
    </pion>
</plateau>
