<?xml version="1.0" encoding="UTF-8" standalone="no"?>
<profil>
    <nom>h</nom>
    <avatar>avatar.png</avatar>
    <dateNaissance>2001-10-21</dateNaissance>
    <parties>
        <partie date="2022-12-06" trouvé="20">
            <temps>1</temps>
            <mot niveau="3">rouen</mot>
        </partie>
        <partie date="2022-12-06" trouvé="0">
            <temps>1</temps>
            <mot niveau="3">lille</mot>
        </partie>
        <partie date="2022-12-06" trouvé="0">
            <temps>1</temps>
            <mot niveau="3">massy</mot>
        </partie>
        <partie date="2022-12-06" trouvé="0">
            <temps>1</temps>
            <mot niveau="3">dijon</mot>
        </partie>
        <partie date="2022-12-06" trouvé="0">
            <temps>1</temps>
            <mot niveau="3">brest</mot>
        </partie>
        <partie date="2022-12-06" trouvé="0">
            <temps>1</temps>
            <mot niveau="3">brest</mot>
        </partie>
        <partie date="2022-12-06" trouvé="0">
            <temps>13</temps>
            <mot niveau="3">nîmes</mot>
        </partie>
    </parties>
</profil>
