<?xml version="1.0" encoding="UTF-8" standalone="no"?>
<profil>
    <nom>m</nom>
    <avatar>avatar.png</avatar>
    <dateNaissance>2001-10-21</dateNaissance>
    <parties>
        <partie date="2022-12-06" trouvé="0">
            <temps>1</temps>
            <mot niveau="3">reims</mot>
        </partie>
        <partie date="2022-12-06" trouvé="20">
            <temps>1</temps>
            <mot niveau="3">nancy</mot>
        </partie>
        <partie date="2022-12-06" trouvé="0">
            <temps>1</temps>
            <mot niveau="3">dijon</mot>
        </partie>
    </parties>
</profil>
