<?xml version="1.0" encoding="UTF-8"?>
<!--
To change this license header, choose License Headers in Project Properties.
To change this template file, choose Tools | Templates
and open the template in the editor.
-->


<profil
    xmlns:xsi='http://www.w3.org/2001/XMLSchema-instance'
    xmlns='http://myGame/tux'
    xsi:schemaLocation='http://myGame/tux ../xsd/profil.xsd'>
    
    <nom>alban</nom>
    <avatar>conan.jpg</avatar>
    <anniversaire>2000-10-21</anniversaire>
    <parties>
        <partie date="2022-10-10" trouvé="30">
            <temps>20</temps>
            <mot niveau="1">Aix</mot>
        </partie>
        
        <partie date="2022-10-19" trouvé="75">
            <temps>30</temps>
            <mot niveau="2">Lyon</mot>
        </partie>
        
        <partie date="2022-10-21" trouvé="20">
            <temps>20</temps>
            <mot niveau="2">Metz</mot>
        </partie>
        
        <partie date="2022-11-04" trouvé="100">
            <temps>60</temps>
            <mot niveau="3">Paris</mot>
        </partie>
        
        <partie date="2022-11-13" trouvé="75">
            <temps>35</temps>
            <mot niveau="4">Annecy</mot>
        </partie>
        
        <partie date="2022-11-17" trouvé="40">
            <temps>10</temps>
            <mot niveau="5">Marseille</mot>
        </partie>
    </parties>

</profil>
